Workbook

Sheet solutions
A1: تمرین | B1: پرسش | C1: فرمول | D1: جواب | E1: جواب مورد انتظار
A2: ع۱ | B2: میانگین BMI | C2: AVERAGE(clinic!J2:J25) | D2: =AVERAGE(clinic!J2:J25) | E2: 29.44
A3: ع۱ | B3: تعداد BMI≥30 | C3: COUNTIF(clinic!J2:J25,">=30") | D3: =COUNTIF(clinic!J2:J25,">=30") | E3: 10
A4: ع۲ | B4: میانگین تغییر فشار | C4: AVERAGE(clinic!K2:K25) | D4: =AVERAGE(clinic!K2:K25) | E4: -14.96
A5: ع۲ | B5: میانگین درصد تغییر | C5: AVERAGE(clinic!L2:L25) | D5: =AVERAGE(clinic!L2:L25) | E5: -10.01
A6: ع۲ | B6: تعداد کاهش ≥10 | C6: COUNTIF(clinic!K2:K25,"<=-10") | D6: =COUNTIF(clinic!K2:K25,"<=-10") | E6: 17
A7: ع۳ | B7: میانگین قند mg/dL | C7: AVERAGE(clinic!H2:H25) | D7: =AVERAGE(clinic!H2:H25) | E7: 151.42
A8: ع۳ | B8: میانگین قند mmol/L | C8: AVERAGE(clinic!M2:M25) | D8: =AVERAGE(clinic!M2:M25) | E8: 8.41
A9: ع۴ | B9: میانگین حسابی TG | C9: AVERAGE(clinic!I2:I25) | D9: =AVERAGE(clinic!I2:I25) | E9: 207.71
A10: ع۴ | B10: میانه TG | C10: MEDIAN(clinic!I2:I25) | D10: =MEDIAN(clinic!I2:I25) | E10: 208.5
A11: ع۴ | B11: میانگین log10 TG | C11: AVERAGE(clinic!N2:N25) | D11: =AVERAGE(clinic!N2:N25) | E11: 2.2717
A12: ع۴ | B12: میانگین هندسی (با لگاریتم) | C12: 10^AVERAGE(clinic!N2:N25) | D12: =10^AVERAGE(clinic!N2:N25) | E12: 186.93
A13: ع۴ | B13: میانگین هندسی (GEOMEAN) | C13: GEOMEAN(clinic!I2:I25) | D13: =GEOMEAN(clinic!I2:I25) | E13: 186.93
A14: ع۵ | B14: n | C14: COUNT(clinic!C2:C25) | D14: =COUNT(clinic!C2:C25) | E14: 24
A15: ع۵ | B15: Σx | C15: SUM(clinic!C2:C25) | D15: =SUM(clinic!C2:C25) | E15: 1401
A16: ع۵ | B16: x̄ | C16: AVERAGE(clinic!C2:C25) | D16: =AVERAGE(clinic!C2:C25) | E16: 58.375
A17: ع۵ | B17: Σx² (ستون کمکی) | C17: SUM(clinic!O2:O25) | D17: =SUM(clinic!O2:O25) | E17: 84759
A18: ع۵ | B18: Σx² (SUMSQ) | C18: SUMSQ(clinic!C2:C25) | D18: =SUMSQ(clinic!C2:C25) | E18: 84759
A19: ع۵ | B19: SS (ستون کمکی) | C19: SUM(clinic!P2:P25) | D19: =SUM(clinic!P2:P25) | E19: 2975.625
A20: ع۵ | B20: SS (DEVSQ) | C20: DEVSQ(clinic!C2:C25) | D20: =DEVSQ(clinic!C2:C25) | E20: 2975.625
A21: ع۶ | B21: |log2FC|≥1 | C21: COUNTIF(genes!E2:E13,">=1")+COUNTIF(genes!E2:E13,"<=-1") | D21: =COUNTIF(genes!E2:E13,">=1")+COUNTIF(genes!E2:E13,"<=-1") | E21: 7
A22: ع۶ | B22: افزایش | C22: COUNTIF(genes!E2:E13,">=1") | D22: =COUNTIF(genes!E2:E13,">=1") | E22: 6
A23: ع۶ | B23: کاهش | C23: COUNTIF(genes!E2:E13,"<=-1") | D23: =COUNTIF(genes!E2:E13,"<=-1") | E23: 1
A24: ع۷ | B24: اولین ساعت زیر 10 | C24: INDEX(pk!A5:A17,MATCH(TRUE,INDEX(pk!B5:B17<10,0),0)) | D24: =INDEX(pk!A5:A17,MATCH(TRUE,INDEX(pk!B5:B17<10,0),0)) | E24: 14
A25: ع۷ | B25: زمان دقیق | C25: pk!B2*LOG(10,2) | D25: =pk!B2*LOG(10,2) | E25: 13.29

Sheet clinic
A1: id | B1: sex | C1: age | D1: weight_kg | E1: height_cm | F1: sbp_0 | G1: sbp_12 | H1: glucose_mgdl | I1: tg_mgdl | J1: bmi | K1: sbp_change | L1: sbp_pct | M1: glucose_mmol | N1: log10_tg | O1: age_sq | P1: age_dev_sq
A2: 1 | B2: 2 | C2: 57 | D2: 72.3 | E2: 165 | F2: 152 | G2: 125 | H2: 135 | I2: 64 | J2: =D2/(E2/100)^2 | K2: =G2-F2 | L2: =K2/F2*100 | M2: =H2/18 | N2: =LOG10(I2) | O2: =C2^2 | P2: =(C2-AVERAGE($C$2:$C$25))^2
A3: 2 | B3: 1 | C3: 42 | D3: 79.8 | E3: 164 | F3: 147 | G3: 133 | H3: 203 | I3: 154 | J3: =D3/(E3/100)^2 | K3: =G3-F3 | L3: =K3/F3*100 | M3: =H3/18 | N3: =LOG10(I3) | O3: =C3^2 | P3: =(C3-AVERAGE($C$2:$C$25))^2
A4: 3 | B4: 1 | C4: 40 | D4: 68.2 | E4: 151 | F4: 130 | G4: 107 | H4: 186 | I4: 189 | J4: =D4/(E4/100)^2 | K4: =G4-F4 | L4: =K4/F4*100 | M4: =H4/18 | N4: =LOG10(I4) | O4: =C4^2 | P4: =(C4-AVERAGE($C$2:$C$25))^2
A5: 4 | B5: 1 | C5: 70 | D5: 60 | E5: 165 | F5: 161 | G5: 153 | H5: 197 | I5: 207 | J5: =D5/(E5/100)^2 | K5: =G5-F5 | L5: =K5/F5*100 | M5: =H5/18 | N5: =LOG10(I5) | O5: =C5^2 | P5: =(C5-AVERAGE($C$2:$C$25))^2
A6: 5 | B6: 1 | C6: 39 | D6: 81 | E6: 154 | F6: 149 | G6: 129 | H6: 185 | I6: 294 | J6: =D6/(E6/100)^2 | K6: =G6-F6 | L6: =K6/F6*100 | M6: =H6/18 | N6: =LOG10(I6) | O6: =C6^2 | P6: =(C6-AVERAGE($C$2:$C$25))^2
A7: 6 | B7: 1 | C7: 47 | D7: 84.2 | E7: 158 | F7: 168 | G7: 154 | H7: 137 | I7: 210 | J7: =D7/(E7/100)^2 | K7: =G7-F7 | L7: =K7/F7*100 | M7: =H7/18 | N7: =LOG10(I7) | O7: =C7^2 | P7: =(C7-AVERAGE($C$2:$C$25))^2
A8: 7 | B8: 1 | C8: 61 | D8: 76.3 | E8: 155 | F8: 164 | G8: 134 | H8: 151 | I8: 195 | J8: =D8/(E8/100)^2 | K8: =G8-F8 | L8: =K8/F8*100 | M8: =H8/18 | N8: =LOG10(I8) | O8: =C8^2 | P8: =(C8-AVERAGE($C$2:$C$25))^2
A9: 8 | B9: 1 | C9: 64 | D9: 63.5 | E9: 157 | F9: 146 | G9: 132 | H9: 189 | I9: 225 | J9: =D9/(E9/100)^2 | K9: =G9-F9 | L9: =K9/F9*100 | M9: =H9/18 | N9: =LOG10(I9) | O9: =C9^2 | P9: =(C9-AVERAGE($C$2:$C$25))^2
A10: 9 | B10: 2 | C10: 69 | D10: 103.9 | E10: 186 | F10: 137 | G10: 116 | H10: 174 | I10: 241 | J10: =D10/(E10/100)^2 | K10: =G10-F10 | L10: =K10/F10*100 | M10: =H10/18 | N10: =LOG10(I10) | O10: =C10^2 | P10: =(C10-AVERAGE($C$2:$C$25))^2
A11: 10 | B11: 1 | C11: 49 | D11: 72.3 | E11: 163 | F11: 138 | G11: 125 | H11: 78 | I11: 353 | J11: =D11/(E11/100)^2 | K11: =G11-F11 | L11: =K11/F11*100 | M11: =H11/18 | N11: =LOG10(I11) | O11: =C11^2 | P11: =(C11-AVERAGE($C$2:$C$25))^2
A12: 11 | B12: 2 | C12: 51 | D12: 90.1 | E12: 166 | F12: 144 | G12: 141 | H12: 100 | I12: 188 | J12: =D12/(E12/100)^2 | K12: =G12-F12 | L12: =K12/F12*100 | M12: =H12/18 | N12: =LOG10(I12) | O12: =C12^2 | P12: =(C12-AVERAGE($C$2:$C$25))^2
A13: 12 | B13: 2 | C13: 73 | D13: 71.1 | E13: 164 | F13: 147 | G13: 150 | H13: 151 | I13: 252 | J13: =D13/(E13/100)^2 | K13: =G13-F13 | L13: =K13/F13*100 | M13: =H13/18 | N13: =LOG10(I13) | O13: =C13^2 | P13: =(C13-AVERAGE($C$2:$C$25))^2
... A25: 24 | B25: 1 | C25: 68 | D25: 87 | E25: 158 | F25: 148 | G25: 128 | H25: 136 | I25: 77 | J25: =D25/(E25/100)^2 | K25: =G25-F25 | L25: =K25/F25*100 | M25: =H25/18 | N25: =LOG10(I25) | O25: =C25^2 | P25: =(C25-AVERAGE($C$2:$C$25))^2

Sheet genes
A1: gene | B1: control | C1: treated | D1: fc | E1: log2fc
A2: IL6 | B2: 229.5 | C2: 1939 | D2: =C2/B2 | E2: =LOG(D2,2)
A3: TNF | B3: 223.9 | C3: 1115.9 | D3: =C3/B3 | E3: =LOG(D3,2)
A4: CXCL8 | B4: 110.6 | C4: 481.9 | D4: =C4/B4 | E4: =LOG(D4,2)
A5: IL1B | B5: 145.9 | C5: 394.8 | D5: =C5/B5 | E5: =LOG(D5,2)
A6: CCL2 | B6: 257.3 | C6: 576.5 | D6: =C6/B6 | E6: =LOG(D6,2)
A7: SOCS3 | B7: 199.5 | C7: 328.9 | D7: =C7/B7 | E7: =LOG(D7,2)
A8: GAPDH | B8: 653.3 | C8: 645.7 | D8: =C8/B8 | E8: =LOG(D8,2)
A9: ACTB | B9: 115.4 | C9: 101.5 | D9: =C9/B9 | E9: =LOG(D9,2)
A10: MYC | B10: 1424.3 | C10: 1048.2 | D10: =C10/B10 | E10: =LOG(D10,2)
A11: FOS | B11: 128.6 | C11: 61.3 | D11: =C11/B11 | E11: =LOG(D11,2)
A12: HMOX1 | B12: 93.3 | C12: 272.4 | D12: =C12/B12 | E12: =LOG(D12,2)
A13: NFKBIA | B13: 142.7 | C13: 258.6 | D13: =C13/B13 | E13: =LOG(D13,2)

Sheet pk
A1: C0 (mg/L) | B1: 100
A2: t_half (h) | B2: 4
A4: t (h) | B4: conc (mg/L)
A5: 0 | B5: =$B$1*0.5^(A5/$B$2)
A6: 2 | B6: =$B$1*0.5^(A6/$B$2)
A7: 4 | B7: =$B$1*0.5^(A7/$B$2)
A8: 6 | B8: =$B$1*0.5^(A8/$B$2)
A9: 8 | B9: =$B$1*0.5^(A9/$B$2)
A10: 10 | B10: =$B$1*0.5^(A10/$B$2)
A11: 12 | B11: =$B$1*0.5^(A11/$B$2)
A12: 14 | B12: =$B$1*0.5^(A12/$B$2)
A13: 16 | B13: =$B$1*0.5^(A13/$B$2)
A14: 18 | B14: =$B$1*0.5^(A14/$B$2)
A15: 20 | B15: =$B$1*0.5^(A15/$B$2)
A16: 22 | B16: =$B$1*0.5^(A16/$B$2)
A17: 24 | B17: =$B$1*0.5^(A17/$B$2)
