Workbook
Name labkey: labels!$D$2:$E$11

Sheet solutions
A1: تمرین | B1: پرسش | C1: فرمول (متن) | D1: جواب | E1: جواب مورد انتظار
A2: ع۱ | B2: تعداد سطر | C2: ROWS(uti!A2:A31) | D2: =ROWS(uti!A2:A31) | E2: 30
A3: ع۱ | B3: تعداد ستون | C3: COUNTA(uti!A1:L1) | D3: =COUNTA(uti!A1:L1) | E3: 12
A4: ع۳ | B4: میانگین CRP با -99 (غلط) | C4: AVERAGE(uti!G2:G31) | D4: =AVERAGE(uti!G2:G31) | E4: 35.1
A5: ع۳ | B5: میانگین CRP بدون -99 | C5: AVERAGEIF(uti!G2:G31,"<>-99") | D5: =AVERAGEIF(uti!G2:G31,"<>-99") | E5: 44.68
A6: ع۳ | B6: تعداد CRP معتبر | C6: COUNTIFS(uti!G2:G31,"<>-99",uti!G2:G31,"<>") | D6: =COUNTIFS(uti!G2:G31,"<>-99",uti!G2:G31,"<>") | E6: 28
A7: ع۳ | B7: تعداد WBC معتبر | C7: COUNT(uti!H2:H31) | D7: =COUNT(uti!H2:H31) | E7: 29
A8: ع۴ | B8: میانگین کد ward (بی‌معنا) | C8: AVERAGE(uti!D2:D31) | D8: =AVERAGE(uti!D2:D31) | E8: 1.8
A9: ع۴ | B9: Internal | C9: COUNTIF(uti!D2:D31,1) | D9: =COUNTIF(uti!D2:D31,1) | E9: 12
A10: ع۴ | B10: Surgery | C10: COUNTIF(uti!D2:D31,2) | D10: =COUNTIF(uti!D2:D31,2) | E10: 12
A11: ع۴ | B11: ICU | C11: COUNTIF(uti!D2:D31,3) | D11: =COUNTIF(uti!D2:D31,3) | E11: 6
A12: ع۴ | B12: E. coli | C12: COUNTIF(uti!E2:E31,"E. coli") | D12: =COUNTIF(uti!E2:E31,"E. coli") | E12: 17
A13: ع۴ | B13: Klebsiella | C13: COUNTIF(uti!E2:E31,"Klebsiella") | D13: =COUNTIF(uti!E2:E31,"Klebsiella") | E13: 9
A14: ع۴ | B14: Proteus | C14: COUNTIF(uti!E2:E31,"Proteus") | D14: =COUNTIF(uti!E2:E31,"Proteus") | E14: 4
A15: ع۵ | B15: Female & Resistant | C15: COUNTIFS(uti!C2:C31,1,uti!L2:L31,1) | D15: =COUNTIFS(uti!C2:C31,1,uti!L2:L31,1) | E15: 7
A16: ع۵ | B16: Female & Susceptible | C16: COUNTIFS(uti!C2:C31,1,uti!L2:L31,0) | D16: =COUNTIFS(uti!C2:C31,1,uti!L2:L31,0) | E16: 13
A17: ع۵ | B17: Male & Resistant | C17: COUNTIFS(uti!C2:C31,2,uti!L2:L31,1) | D17: =COUNTIFS(uti!C2:C31,2,uti!L2:L31,1) | E17: 4
A18: ع۵ | B18: Male & Susceptible | C18: COUNTIFS(uti!C2:C31,2,uti!L2:L31,0) | D18: =COUNTIFS(uti!C2:C31,2,uti!L2:L31,0) | E18: 6
A19: ع۶ | B19: سطرهای قالب بلند | C19: COUNT(crp_long!A2:A100) | D19: =COUNT(crp_long!A2:A100) | E19: 24

Sheet uti
A1: id | B1: age | C1: sex | D1: ward | E1: organism | F1: temp | G1: crp | H1: wbc | I1: pain | J1: severity | K1: los | L1: cipro_res | M1: sex_label | N1: ward_label | O1: severity_label | P1: cipro_res_label
A2: 1 | B2: 83 | C2: 1 | D2: 2 | E2: E. coli | F2: 37.6 | G2: 27.8 | H2: 3.4 | I2: 2 | J2: 1 | K2: 4 | L2: 0 | M2: =VLOOKUP("sex"&"|"&C2,labkey,2,FALSE) | N2: =VLOOKUP("ward"&"|"&D2,labkey,2,FALSE) | O2: =VLOOKUP("severity"&"|"&J2,labkey,2,FALSE) | P2: =VLOOKUP("cipro_res"&"|"&L2,labkey,2,FALSE)
A3: 2 | B3: 33 | C3: 1 | D3: 1 | E3: Klebsiella | F3: 37.8 | G3: 51.1 | H3: 11.8 | I3: 4 | J3: 2 | K3: 1 | L3: 1 | M3: =VLOOKUP("sex"&"|"&C3,labkey,2,FALSE) | N3: =VLOOKUP("ward"&"|"&D3,labkey,2,FALSE) | O3: =VLOOKUP("severity"&"|"&J3,labkey,2,FALSE) | P3: =VLOOKUP("cipro_res"&"|"&L3,labkey,2,FALSE)
A4: 3 | B4: 81 | C4: 1 | D4: 3 | E4: Proteus | F4: 37.5 | G4: 48.4 | H4: 11.2 | I4: 3 | J4: 2 | K4: 6 | L4: 0 | M4: =VLOOKUP("sex"&"|"&C4,labkey,2,FALSE) | N4: =VLOOKUP("ward"&"|"&D4,labkey,2,FALSE) | O4: =VLOOKUP("severity"&"|"&J4,labkey,2,FALSE) | P4: =VLOOKUP("cipro_res"&"|"&L4,labkey,2,FALSE)
A5: 4 | B5: 77 | C5: 2 | D5: 1 | E5: Klebsiella | F5: 37.3 | G5: 82.5 | H5: 8.4 | I5: 3 | J5: 1 | K5: 3 | L5: 1 | M5: =VLOOKUP("sex"&"|"&C5,labkey,2,FALSE) | N5: =VLOOKUP("ward"&"|"&D5,labkey,2,FALSE) | O5: =VLOOKUP("severity"&"|"&J5,labkey,2,FALSE) | P5: =VLOOKUP("cipro_res"&"|"&L5,labkey,2,FALSE)
A6: 5 | B6: 83 | C6: 1 | D6: 1 | E6: E. coli | F6: 38 | G6: 33.9 | H6: 10.2 | I6: 3 | J6: 1 | K6: 2 | L6: 0 | M6: =VLOOKUP("sex"&"|"&C6,labkey,2,FALSE) | N6: =VLOOKUP("ward"&"|"&D6,labkey,2,FALSE) | O6: =VLOOKUP("severity"&"|"&J6,labkey,2,FALSE) | P6: =VLOOKUP("cipro_res"&"|"&L6,labkey,2,FALSE)
A7: 6 | B7: 72 | C7: 2 | D7: 1 | E7: Klebsiella | F7: 37.7 | G7: 24 | H7: 11.4 | I7: 5 | J7: 2 | K7: 4 | L7: 1 | M7: =VLOOKUP("sex"&"|"&C7,labkey,2,FALSE) | N7: =VLOOKUP("ward"&"|"&D7,labkey,2,FALSE) | O7: =VLOOKUP("severity"&"|"&J7,labkey,2,FALSE) | P7: =VLOOKUP("cipro_res"&"|"&L7,labkey,2,FALSE)
A8: 7 | B8: 54 | C8: 1 | D8: 2 | E8: E. coli | F8: 38.5 | G8: -99 | H8: 13.3 | I8: 7 | J8: 3 | K8: 13 | L8: 0 | M8: =VLOOKUP("sex"&"|"&C8,labkey,2,FALSE) | N8: =VLOOKUP("ward"&"|"&D8,labkey,2,FALSE) | O8: =VLOOKUP("severity"&"|"&J8,labkey,2,FALSE) | P8: =VLOOKUP("cipro_res"&"|"&L8,labkey,2,FALSE)
A9: 8 | B9: 59 | C9: 1 | D9: 1 | E9: Klebsiella | F9: 38.4 | G9: 14.7 | H9: 6.8 | I9: 3 | J9: 1 | K9: 2 | L9: 1 | M9: =VLOOKUP("sex"&"|"&C9,labkey,2,FALSE) | N9: =VLOOKUP("ward"&"|"&D9,labkey,2,FALSE) | O9: =VLOOKUP("severity"&"|"&J9,labkey,2,FALSE) | P9: =VLOOKUP("cipro_res"&"|"&L9,labkey,2,FALSE)
A10: 9 | B10: 32 | C10: 1 | D10: 1 | E10: E. coli | F10: 38.5 | G10: 52.2 | H10: 8.8 | I10: 4 | J10: 2 | K10: 5 | L10: 1 | M10: =VLOOKUP("sex"&"|"&C10,labkey,2,FALSE) | N10: =VLOOKUP("ward"&"|"&D10,labkey,2,FALSE) | O10: =VLOOKUP("severity"&"|"&J10,labkey,2,FALSE) | P10: =VLOOKUP("cipro_res"&"|"&L10,labkey,2,FALSE)
A11: 10 | B11: 42 | C11: 1 | D11: 1 | E11: E. coli | F11: 38.3 | G11: 31 | H11: 9.6 | I11: 3 | J11: 1 | K11: 3 | L11: 1 | M11: =VLOOKUP("sex"&"|"&C11,labkey,2,FALSE) | N11: =VLOOKUP("ward"&"|"&D11,labkey,2,FALSE) | O11: =VLOOKUP("severity"&"|"&J11,labkey,2,FALSE) | P11: =VLOOKUP("cipro_res"&"|"&L11,labkey,2,FALSE)
A12: 11 | B12: 50 | C12: 2 | D12: 2 | E12: E. coli | F12: 38.4 | G12: 40.6 | H12: 13.1 | I12: 5 | J12: 3 | K12: 5 | L12: 0 | M12: =VLOOKUP("sex"&"|"&C12,labkey,2,FALSE) | N12: =VLOOKUP("ward"&"|"&D12,labkey,2,FALSE) | O12: =VLOOKUP("severity"&"|"&J12,labkey,2,FALSE) | P12: =VLOOKUP("cipro_res"&"|"&L12,labkey,2,FALSE)
A13: 12 | B13: 82 | C13: 1 | D13: 1 | E13: E. coli | F13: 37.8 | G13: 113.1 | I13: 7 | J13: 3 | K13: 8 | L13: 0 | M13: =VLOOKUP("sex"&"|"&C13,labkey,2,FALSE) | N13: =VLOOKUP("ward"&"|"&D13,labkey,2,FALSE) | O13: =VLOOKUP("severity"&"|"&J13,labkey,2,FALSE) | P13: =VLOOKUP("cipro_res"&"|"&L13,labkey,2,FALSE)
A14: 13 | B14: 72 | C14: 1 | D14: 2 | E14: E. coli | F14: 38.7 | G14: 42.9 | H14: 11.2 | I14: 5 | J14: 2 | K14: 5 | L14: 1 | M14: =VLOOKUP("sex"&"|"&C14,labkey,2,FALSE) | N14: =VLOOKUP("ward"&"|"&D14,labkey,2,FALSE) | O14: =VLOOKUP("severity"&"|"&J14,labkey,2,FALSE) | P14: =VLOOKUP("cipro_res"&"|"&L14,labkey,2,FALSE)
A15: 14 | B15: 56 | C15: 1 | D15: 2 | E15: E. coli | F15: 37.7 | G15: 47.3 | H15: 11.6 | I15: 7 | J15: 2 | K15: 7 | L15: 0 | M15: =VLOOKUP("sex"&"|"&C15,labkey,2,FALSE) | N15: =VLOOKUP("ward"&"|"&D15,labkey,2,FALSE) | O15: =VLOOKUP("severity"&"|"&J15,labkey,2,FALSE) | P15: =VLOOKUP("cipro_res"&"|"&L15,labkey,2,FALSE)
A16: 15 | B16: 58 | C16: 2 | D16: 3 | E16: E. coli | F16: 38.2 | G16: 27 | H16: 11.1 | I16: 7 | J16: 2 | K16: 12 | L16: 0 | M16: =VLOOKUP("sex"&"|"&C16,labkey,2,FALSE) | N16: =VLOOKUP("ward"&"|"&D16,labkey,2,FALSE) | O16: =VLOOKUP("severity"&"|"&J16,labkey,2,FALSE) | P16: =VLOOKUP("cipro_res"&"|"&L16,labkey,2,FALSE)
A17: 16 | B17: 47 | C17: 1 | D17: 3 | E17: Klebsiella | F17: 38.8 | G17: 108.4 | H17: 13.2 | I17: 9 | J17: 3 | K17: 7 | L17: 0 | M17: =VLOOKUP("sex"&"|"&C17,labkey,2,FALSE) | N17: =VLOOKUP("ward"&"|"&D17,labkey,2,FALSE) | O17: =VLOOKUP("severity"&"|"&J17,labkey,2,FALSE) | P17: =VLOOKUP("cipro_res"&"|"&L17,labkey,2,FALSE)
A18: 17 | B18: 47 | C18: 1 | D18: 1 | E18: Proteus | F18: 37.9 | G18: 24.8 | H18: 11.4 | I18: 8 | J18: 2 | K18: 3 | L18: 0 | M18: =VLOOKUP("sex"&"|"&C18,labkey,2,FALSE) | N18: =VLOOKUP("ward"&"|"&D18,labkey,2,FALSE) | O18: =VLOOKUP("severity"&"|"&J18,labkey,2,FALSE) | P18: =VLOOKUP("cipro_res"&"|"&L18,labkey,2,FALSE)
A19: 18 | B19: 79 | C19: 1 | D19: 3 | E19: E. coli | F19: 38.2 | G19: 10 | H19: 10.4 | I19: 2 | J19: 1 | K19: 2 | L19: 0 | M19: =VLOOKUP("sex"&"|"&C19,labkey,2,FALSE) | N19: =VLOOKUP("ward"&"|"&D19,labkey,2,FALSE) | O19: =VLOOKUP("severity"&"|"&J19,labkey,2,FALSE) | P19: =VLOOKUP("cipro_res"&"|"&L19,labkey,2,FALSE)
A20: 19 | B20: 19 | C20: 1 | D20: 2 | E20: E. coli | F20: 38.2 | G20: -99 | H20: 8.2 | I20: 4 | J20: 1 | K20: 4 | L20: 0 | M20: =VLOOKUP("sex"&"|"&C20,labkey,2,FALSE) | N20: =VLOOKUP("ward"&"|"&D20,labkey,2,FALSE) | O20: =VLOOKUP("severity"&"|"&J20,labkey,2,FALSE) | P20: =VLOOKUP("cipro_res"&"|"&L20,labkey,2,FALSE)
A21: 20 | B21: 40 | C21: 2 | D21: 2 | E21: E. coli | F21: 37.9 | G21: 18.3 | H21: 10.2 | I21: 5 | J21: 1 | K21: 3 | L21: 1 | M21: =VLOOKUP("sex"&"|"&C21,labkey,2,FALSE) | N21: =VLOOKUP("ward"&"|"&D21,labkey,2,FALSE) | O21: =VLOOKUP("severity"&"|"&J21,labkey,2,FALSE) | P21: =VLOOKUP("cipro_res"&"|"&L21,labkey,2,FALSE)
A22: 21 | B22: 46 | C22: 2 | D22: 2 | E22: E. coli | F22: 38.2 | G22: 37.3 | H22: 12 | I22: 6 | J22: 2 | K22: 6 | L22: 0 | M22: =VLOOKUP("sex"&"|"&C22,labkey,2,FALSE) | N22: =VLOOKUP("ward"&"|"&D22,labkey,2,FALSE) | O22: =VLOOKUP("severity"&"|"&J22,labkey,2,FALSE) | P22: =VLOOKUP("cipro_res"&"|"&L22,labkey,2,FALSE)
A23: 22 | B23: 65 | C23: 1 | D23: 2 | E23: Klebsiella | F23: 38.3 | G23: 86.9 | H23: 11.2 | I23: 8 | J23: 2 | K23: 4 | L23: 0 | M23: =VLOOKUP("sex"&"|"&C23,labkey,2,FALSE) | N23: =VLOOKUP("ward"&"|"&D23,labkey,2,FALSE) | O23: =VLOOKUP("severity"&"|"&J23,labkey,2,FALSE) | P23: =VLOOKUP("cipro_res"&"|"&L23,labkey,2,FALSE)
A24: 23 | B24: 46 | C24: 1 | D24: 3 | E24: Klebsiella | F24: 37.8 | G24: 61 | H24: 10.3 | I24: 8 | J24: 2 | K24: 6 | L24: 0 | M24: =VLOOKUP("sex"&"|"&C24,labkey,2,FALSE) | N24: =VLOOKUP("ward"&"|"&D24,labkey,2,FALSE) | O24: =VLOOKUP("severity"&"|"&J24,labkey,2,FALSE) | P24: =VLOOKUP("cipro_res"&"|"&L24,labkey,2,FALSE)
A25: 24 | B25: 40 | C25: 2 | D25: 1 | E25: E. coli | F25: 37.6 | G25: 29.5 | H25: 9.6 | I25: 5 | J25: 1 | K25: 3 | L25: 0 | M25: =VLOOKUP("sex"&"|"&C25,labkey,2,FALSE) | N25: =VLOOKUP("ward"&"|"&D25,labkey,2,FALSE) | O25: =VLOOKUP("severity"&"|"&J25,labkey,2,FALSE) | P25: =VLOOKUP("cipro_res"&"|"&L25,labkey,2,FALSE)
... A31: 30 | B31: 34 | C31: 2 | D31: 2 | E31: E. coli | F31: 36.9 | G31: 20.2 | H31: 8.1 | I31: 2 | J31: 1 | K31: 2 | L31: 1 | M31: =VLOOKUP("sex"&"|"&C31,labkey,2,FALSE) | N31: =VLOOKUP("ward"&"|"&D31,labkey,2,FALSE) | O31: =VLOOKUP("severity"&"|"&J31,labkey,2,FALSE) | P31: =VLOOKUP("cipro_res"&"|"&L31,labkey,2,FALSE)

Sheet crp_wide
A1: id | B1: crp_d0 | C1: crp_d3 | D1: crp_d7
A2: 1 | B2: 94.8 | C2: 46.2 | D2: 12.1
A3: 2 | B3: 98.6 | C3: 45.2 | D3: 18
A4: 3 | B4: 95.7 | C4: 60 | D4: 18
A5: 4 | B5: 100 | C5: 46.6 | D5: 11.1
A6: 5 | B6: 71.2 | C6: 41.5 | D6: 19.4
A7: 6 | B7: 114.1 | C7: 66.2 | D7: 27.8
A8: 7 | B8: 104.6 | C8: 72.1 | D8: 19.2
A9: 8 | B9: 71 | C9: 30.3 | D9: 6.9

Sheet labels
A1: variable | B1: code | C1: label | D1: key | E1: label
A2: sex | B2: 1 | C2: Female | D2: =A2&"|"&B2 | E2: =C2
A3: sex | B3: 2 | C3: Male | D3: =A3&"|"&B3 | E3: =C3
A4: ward | B4: 1 | C4: Internal | D4: =A4&"|"&B4 | E4: =C4
A5: ward | B5: 2 | C5: Surgery | D5: =A5&"|"&B5 | E5: =C5
A6: ward | B6: 3 | C6: ICU | D6: =A6&"|"&B6 | E6: =C6
A7: severity | B7: 1 | C7: Mild | D7: =A7&"|"&B7 | E7: =C7
A8: severity | B8: 2 | C8: Moderate | D8: =A8&"|"&B8 | E8: =C8
A9: severity | B9: 3 | C9: Severe | D9: =A9&"|"&B9 | E9: =C9
A10: cipro_res | B10: 0 | C10: Susceptible | D10: =A10&"|"&B10 | E10: =C10
A11: cipro_res | B11: 1 | C11: Resistant | D11: =A11&"|"&B11 | E11: =C11

Sheet codebook
A1: variable | B1: description | C1: unit | D1: codes | E1: measure | F1: missing code
A2: id | B2: Patient ID | E2: (identifier)
A3: age | B3: Age | C3: years | E3: Scale (ratio)
A4: sex | B4: Sex | D4: 1=Female, 2=Male | E4: Nominal
A5: ward | B5: Hospital ward | D5: 1=Internal, 2=Surgery, 3=ICU | E5: Nominal
A6: organism | B6: Isolated organism | D6: text | E6: Nominal
A7: temp | B7: Body temperature | C7: °C | E7: Scale (interval)
A8: crp | B8: C-reactive protein | C8: mg/L | E8: Scale (ratio) | F8: -99 = not measured
A9: wbc | B9: White blood cells | C9: x10^9/L | E9: Scale (ratio) | F9: blank
A10: pain | B10: Pain score | C10: 0-10 | E10: Ordinal
A11: severity | B11: Clinical severity | D11: 1=Mild, 2=Moderate, 3=Severe | E11: Ordinal
A12: los | B12: Length of stay | C12: days | E12: Scale (ratio, count)
A13: cipro_res | B13: Ciprofloxacin resistance | D13: 0=Susceptible, 1=Resistant | E13: Nominal

Sheet crp_long
A1: id | B1: day | C1: crp
A2: =INDEX(crp_wide!$A$2:$A$9,INT((ROW()-2)/3)+1) | B2: =CHOOSE(MOD(ROW()-2,3)+1,0,3,7) | C2: =INDEX(crp_wide!$B$2:$D$9,INT((ROW()-2)/3)+1,MOD(ROW()-2,3)+1)
A3: =INDEX(crp_wide!$A$2:$A$9,INT((ROW()-2)/3)+1) | B3: =CHOOSE(MOD(ROW()-2,3)+1,0,3,7) | C3: =INDEX(crp_wide!$B$2:$D$9,INT((ROW()-2)/3)+1,MOD(ROW()-2,3)+1)
A4: =INDEX(crp_wide!$A$2:$A$9,INT((ROW()-2)/3)+1) | B4: =CHOOSE(MOD(ROW()-2,3)+1,0,3,7) | C4: =INDEX(crp_wide!$B$2:$D$9,INT((ROW()-2)/3)+1,MOD(ROW()-2,3)+1)
A5: =INDEX(crp_wide!$A$2:$A$9,INT((ROW()-2)/3)+1) | B5: =CHOOSE(MOD(ROW()-2,3)+1,0,3,7) | C5: =INDEX(crp_wide!$B$2:$D$9,INT((ROW()-2)/3)+1,MOD(ROW()-2,3)+1)
A6: =INDEX(crp_wide!$A$2:$A$9,INT((ROW()-2)/3)+1) | B6: =CHOOSE(MOD(ROW()-2,3)+1,0,3,7) | C6: =INDEX(crp_wide!$B$2:$D$9,INT((ROW()-2)/3)+1,MOD(ROW()-2,3)+1)
A7: =INDEX(crp_wide!$A$2:$A$9,INT((ROW()-2)/3)+1) | B7: =CHOOSE(MOD(ROW()-2,3)+1,0,3,7) | C7: =INDEX(crp_wide!$B$2:$D$9,INT((ROW()-2)/3)+1,MOD(ROW()-2,3)+1)
A8: =INDEX(crp_wide!$A$2:$A$9,INT((ROW()-2)/3)+1) | B8: =CHOOSE(MOD(ROW()-2,3)+1,0,3,7) | C8: =INDEX(crp_wide!$B$2:$D$9,INT((ROW()-2)/3)+1,MOD(ROW()-2,3)+1)
A9: =INDEX(crp_wide!$A$2:$A$9,INT((ROW()-2)/3)+1) | B9: =CHOOSE(MOD(ROW()-2,3)+1,0,3,7) | C9: =INDEX(crp_wide!$B$2:$D$9,INT((ROW()-2)/3)+1,MOD(ROW()-2,3)+1)
A10: =INDEX(crp_wide!$A$2:$A$9,INT((ROW()-2)/3)+1) | B10: =CHOOSE(MOD(ROW()-2,3)+1,0,3,7) | C10: =INDEX(crp_wide!$B$2:$D$9,INT((ROW()-2)/3)+1,MOD(ROW()-2,3)+1)
A11: =INDEX(crp_wide!$A$2:$A$9,INT((ROW()-2)/3)+1) | B11: =CHOOSE(MOD(ROW()-2,3)+1,0,3,7) | C11: =INDEX(crp_wide!$B$2:$D$9,INT((ROW()-2)/3)+1,MOD(ROW()-2,3)+1)
A12: =INDEX(crp_wide!$A$2:$A$9,INT((ROW()-2)/3)+1) | B12: =CHOOSE(MOD(ROW()-2,3)+1,0,3,7) | C12: =INDEX(crp_wide!$B$2:$D$9,INT((ROW()-2)/3)+1,MOD(ROW()-2,3)+1)
A13: =INDEX(crp_wide!$A$2:$A$9,INT((ROW()-2)/3)+1) | B13: =CHOOSE(MOD(ROW()-2,3)+1,0,3,7) | C13: =INDEX(crp_wide!$B$2:$D$9,INT((ROW()-2)/3)+1,MOD(ROW()-2,3)+1)
... A25: =INDEX(crp_wide!$A$2:$A$9,INT((ROW()-2)/3)+1) | B25: =CHOOSE(MOD(ROW()-2,3)+1,0,3,7) | C25: =INDEX(crp_wide!$B$2:$D$9,INT((ROW()-2)/3)+1,MOD(ROW()-2,3)+1)
