Workbook

Sheet solutions
A1: تمرین | B1: پرسش | C1: فرمول | D1: جواب | E1: جواب مورد انتظار
A2: ع۱ | B2: μ | C2: AVERAGE(frame!G2:G601) | D2: =AVERAGE(frame!G2:G601) | E2: 129.88
A3: ع۱ | B3: π (%) | C3: 100*AVERAGE(frame!H2:H601) | D3: =100*AVERAGE(frame!H2:H601) | E3: 27.5
A4: ع۱ | B4: شیوع محلهٔ ۱ (%) | C4: 100*AVERAGEIF(frame!B2:B601,1,frame!H2:H601) | D4: =100*AVERAGEIF(frame!B2:B601,1,frame!H2:H601) | E4: 38
A5: ع۱ | B5: شیوع محلهٔ ۴ (%) | C5: 100*AVERAGEIF(frame!B2:B601,4,frame!H2:H601) | D5: =100*AVERAGEIF(frame!B2:B601,4,frame!H2:H601) | E5: 18
A6: ع۲ | B6: SRS n | C6: SUM(frame!L2:L601) | D6: =SUM(frame!L2:L601) | E6: 60
A7: ع۲ | B7: SRS میانگین فشار | C7: AVERAGEIFS(frame!G2:G601,frame!L2:L601,1) | D7: =AVERAGEIFS(frame!G2:G601,frame!L2:L601,1) | E7: 133.12
A8: ع۲ | B8: SRS شیوع | C8: 100*AVERAGEIFS(frame!H2:H601,frame!L2:L601,1) | D8: =100*AVERAGEIFS(frame!H2:H601,frame!L2:L601,1) | E8: 33.33
A9: ع۳ | B9: سیستماتیک n | C9: SUM(frame!M2:M601) | D9: =SUM(frame!M2:M601) | E9: 60
A10: ع۳ | B10: سیستماتیک میانگین | C10: AVERAGEIFS(frame!G2:G601,frame!M2:M601,1) | D10: =AVERAGEIFS(frame!G2:G601,frame!M2:M601,1) | E10: 131.7
A11: ع۳ | B11: سیستماتیک شیوع | C11: 100*AVERAGEIFS(frame!H2:H601,frame!M2:M601,1) | D11: =100*AVERAGEIFS(frame!H2:H601,frame!M2:M601,1) | E11: 31.67
A12: ع۴ | B12: طبقه‌ای n | C12: SUM(frame!P2:P601) | D12: =SUM(frame!P2:P601) | E12: 60
A13: ع۴ | B13: طبقه‌ای میانگین | C13: AVERAGEIFS(frame!G2:G601,frame!P2:P601,1) | D13: =AVERAGEIFS(frame!G2:G601,frame!P2:P601,1) | E13: 135.25
A14: ع۴ | B14: طبقه‌ای شیوع | C14: 100*AVERAGEIFS(frame!H2:H601,frame!P2:P601,1) | D14: =100*AVERAGEIFS(frame!H2:H601,frame!P2:P601,1) | E14: 38.33
A15: ع۵ | B15: خوشه‌ای n | C15: SUM(frame!Q2:Q601) | D15: =SUM(frame!Q2:Q601) | E15: 60
A16: ع۵ | B16: خوشه‌ای میانگین | C16: AVERAGEIFS(frame!G2:G601,frame!Q2:Q601,1) | D16: =AVERAGEIFS(frame!G2:G601,frame!Q2:Q601,1) | E16: 129.28
A17: ع۵ | B17: خوشه‌ای شیوع | C17: 100*AVERAGEIFS(frame!H2:H601,frame!Q2:Q601,1) | D17: =100*AVERAGEIFS(frame!H2:H601,frame!Q2:Q601,1) | E17: 33.33
A18: ع۶ | B18: تعداد A | C18: COUNTIF(trial!E2:E25,"A") | D18: =COUNTIF(trial!E2:E25,"A") | E18: 12
A19: ع۶ | B19: گروه بیمار ۳ (A=1) | C19: IF(trial!E4="A",1,0) | D19: =IF(trial!E4="A",1,0) | E19: 1
A20: ع۶ | B20: گروه بیمار ۵ (A=1) | C20: IF(trial!E6="A",1,0) | D20: =IF(trial!E6="A",1,0) | E20: 0
A21: ع۷ | B21: در دسترس میانگین | C21: AVERAGEIFS(frame!G2:G601,frame!R2:R601,1) | D21: =AVERAGEIFS(frame!G2:G601,frame!R2:R601,1) | E21: 148.67
A22: ع۷ | B22: در دسترس شیوع | C22: 100*AVERAGEIFS(frame!H2:H601,frame!R2:R601,1) | D22: =100*AVERAGEIFS(frame!H2:H601,frame!R2:R601,1) | E22: 95

Sheet frame
A1: id | B1: district | C1: block | D1: sex | E1: age | F1: smoker | G1: sbp | H1: htn | I1: visit_order | J1: u | K1: rank_u | L1: in_srs | M1: in_sys | N1: rank_in_district | O1: alloc | P1: in_strat | Q1: in_cluster | R1: in_conv
A2: 1 | B2: 1 | C2: 1 | D2: 2 | E2: 80 | F2: 0 | G2: 152 | H2: 1 | I2: 71 | J2: 0.961643 | K2: =RANK(J2,$J$2:$J$601,1) | L2: =IF(K2<=60,1,0) | M2: =IF(MOD(A2-7,10)=0,1,0) | N2: =COUNTIFS($B$2:$B$601,B2,$J$2:$J$601,"<"&J2)+1 | O2: =ROUND(COUNTIF($B$2:$B$601,B2)/600*60,0) | P2: =IF(N2<=O2,1,0) | Q2: =IF(OR(C2=4,C2=15,C2=27),1,0) | R2: =IF(I2<=60,1,0)
A3: 2 | B3: 1 | C3: 1 | D3: 2 | E3: 34 | F3: 0 | G3: 140 | H3: 1 | I3: 138 | J3: 0.813138 | K3: =RANK(J3,$J$2:$J$601,1) | L3: =IF(K3<=60,1,0) | M3: =IF(MOD(A3-7,10)=0,1,0) | N3: =COUNTIFS($B$2:$B$601,B3,$J$2:$J$601,"<"&J3)+1 | O3: =ROUND(COUNTIF($B$2:$B$601,B3)/600*60,0) | P3: =IF(N3<=O3,1,0) | Q3: =IF(OR(C3=4,C3=15,C3=27),1,0) | R3: =IF(I3<=60,1,0)
A4: 3 | B4: 1 | C4: 1 | D4: 2 | E4: 41 | F4: 0 | G4: 135 | H4: 0 | I4: 284 | J4: 0.751854 | K4: =RANK(J4,$J$2:$J$601,1) | L4: =IF(K4<=60,1,0) | M4: =IF(MOD(A4-7,10)=0,1,0) | N4: =COUNTIFS($B$2:$B$601,B4,$J$2:$J$601,"<"&J4)+1 | O4: =ROUND(COUNTIF($B$2:$B$601,B4)/600*60,0) | P4: =IF(N4<=O4,1,0) | Q4: =IF(OR(C4=4,C4=15,C4=27),1,0) | R4: =IF(I4<=60,1,0)
A5: 4 | B5: 1 | C5: 1 | D5: 2 | E5: 79 | F5: 0 | G5: 132 | H5: 0 | I5: 177 | J5: 0.271206 | K5: =RANK(J5,$J$2:$J$601,1) | L5: =IF(K5<=60,1,0) | M5: =IF(MOD(A5-7,10)=0,1,0) | N5: =COUNTIFS($B$2:$B$601,B5,$J$2:$J$601,"<"&J5)+1 | O5: =ROUND(COUNTIF($B$2:$B$601,B5)/600*60,0) | P5: =IF(N5<=O5,1,0) | Q5: =IF(OR(C5=4,C5=15,C5=27),1,0) | R5: =IF(I5<=60,1,0)
A6: 5 | B6: 1 | C6: 1 | D6: 1 | E6: 67 | F6: 0 | G6: 124 | H6: 0 | I6: 189 | J6: 0.805086 | K6: =RANK(J6,$J$2:$J$601,1) | L6: =IF(K6<=60,1,0) | M6: =IF(MOD(A6-7,10)=0,1,0) | N6: =COUNTIFS($B$2:$B$601,B6,$J$2:$J$601,"<"&J6)+1 | O6: =ROUND(COUNTIF($B$2:$B$601,B6)/600*60,0) | P6: =IF(N6<=O6,1,0) | Q6: =IF(OR(C6=4,C6=15,C6=27),1,0) | R6: =IF(I6<=60,1,0)
A7: 6 | B7: 1 | C7: 1 | D7: 2 | E7: 59 | F7: 1 | G7: 156 | H7: 1 | I7: 175 | J7: 0.350369 | K7: =RANK(J7,$J$2:$J$601,1) | L7: =IF(K7<=60,1,0) | M7: =IF(MOD(A7-7,10)=0,1,0) | N7: =COUNTIFS($B$2:$B$601,B7,$J$2:$J$601,"<"&J7)+1 | O7: =ROUND(COUNTIF($B$2:$B$601,B7)/600*60,0) | P7: =IF(N7<=O7,1,0) | Q7: =IF(OR(C7=4,C7=15,C7=27),1,0) | R7: =IF(I7<=60,1,0)
A8: 7 | B8: 1 | C8: 1 | D8: 2 | E8: 50 | F8: 1 | G8: 138 | H8: 0 | I8: 401 | J8: 0.033569 | K8: =RANK(J8,$J$2:$J$601,1) | L8: =IF(K8<=60,1,0) | M8: =IF(MOD(A8-7,10)=0,1,0) | N8: =COUNTIFS($B$2:$B$601,B8,$J$2:$J$601,"<"&J8)+1 | O8: =ROUND(COUNTIF($B$2:$B$601,B8)/600*60,0) | P8: =IF(N8<=O8,1,0) | Q8: =IF(OR(C8=4,C8=15,C8=27),1,0) | R8: =IF(I8<=60,1,0)
A9: 8 | B9: 1 | C9: 1 | D9: 1 | E9: 72 | F9: 0 | G9: 130 | H9: 0 | I9: 427 | J9: 0.872041 | K9: =RANK(J9,$J$2:$J$601,1) | L9: =IF(K9<=60,1,0) | M9: =IF(MOD(A9-7,10)=0,1,0) | N9: =COUNTIFS($B$2:$B$601,B9,$J$2:$J$601,"<"&J9)+1 | O9: =ROUND(COUNTIF($B$2:$B$601,B9)/600*60,0) | P9: =IF(N9<=O9,1,0) | Q9: =IF(OR(C9=4,C9=15,C9=27),1,0) | R9: =IF(I9<=60,1,0)
A10: 9 | B10: 1 | C10: 1 | D10: 1 | E10: 47 | F10: 0 | G10: 129 | H10: 0 | I10: 527 | J10: 0.393033 | K10: =RANK(J10,$J$2:$J$601,1) | L10: =IF(K10<=60,1,0) | M10: =IF(MOD(A10-7,10)=0,1,0) | N10: =COUNTIFS($B$2:$B$601,B10,$J$2:$J$601,"<"&J10)+1 | O10: =ROUND(COUNTIF($B$2:$B$601,B10)/600*60,0) | P10: =IF(N10<=O10,1,0) | Q10: =IF(OR(C10=4,C10=15,C10=27),1,0) | R10: =IF(I10<=60,1,0)
A11: 10 | B11: 1 | C11: 1 | D11: 1 | E11: 40 | F11: 0 | G11: 125 | H11: 0 | I11: 405 | J11: 0.409122 | K11: =RANK(J11,$J$2:$J$601,1) | L11: =IF(K11<=60,1,0) | M11: =IF(MOD(A11-7,10)=0,1,0) | N11: =COUNTIFS($B$2:$B$601,B11,$J$2:$J$601,"<"&J11)+1 | O11: =ROUND(COUNTIF($B$2:$B$601,B11)/600*60,0) | P11: =IF(N11<=O11,1,0) | Q11: =IF(OR(C11=4,C11=15,C11=27),1,0) | R11: =IF(I11<=60,1,0)
A12: 11 | B12: 1 | C12: 1 | D12: 2 | E12: 61 | F12: 0 | G12: 138 | H12: 0 | I12: 503 | J12: 0.905297 | K12: =RANK(J12,$J$2:$J$601,1) | L12: =IF(K12<=60,1,0) | M12: =IF(MOD(A12-7,10)=0,1,0) | N12: =COUNTIFS($B$2:$B$601,B12,$J$2:$J$601,"<"&J12)+1 | O12: =ROUND(COUNTIF($B$2:$B$601,B12)/600*60,0) | P12: =IF(N12<=O12,1,0) | Q12: =IF(OR(C12=4,C12=15,C12=27),1,0) | R12: =IF(I12<=60,1,0)
A13: 12 | B13: 1 | C13: 1 | D13: 2 | E13: 69 | F13: 0 | G13: 135 | H13: 0 | I13: 234 | J13: 0.736855 | K13: =RANK(J13,$J$2:$J$601,1) | L13: =IF(K13<=60,1,0) | M13: =IF(MOD(A13-7,10)=0,1,0) | N13: =COUNTIFS($B$2:$B$601,B13,$J$2:$J$601,"<"&J13)+1 | O13: =ROUND(COUNTIF($B$2:$B$601,B13)/600*60,0) | P13: =IF(N13<=O13,1,0) | Q13: =IF(OR(C13=4,C13=15,C13=27),1,0) | R13: =IF(I13<=60,1,0)
... A601: 600 | B601: 4 | C601: 30 | D601: 1 | E601: 60 | F601: 1 | G601: 122 | H601: 0 | I601: 577 | J601: 0.295006 | K601: =RANK(J601,$J$2:$J$601,1) | L601: =IF(K601<=60,1,0) | M601: =IF(MOD(A601-7,10)=0,1,0) | N601: =COUNTIFS($B$2:$B$601,B601,$J$2:$J$601,"<"&J601)+1 | O601: =ROUND(COUNTIF($B$2:$B$601,B601)/600*60,0) | P601: =IF(N601<=O601,1,0) | Q601: =IF(OR(C601=4,C601=15,C601=27),1,0) | R601: =IF(I601<=60,1,0)

Sheet trial
A1: id | B1: u | C1: block | D1: rank_in_block | E1: group
A2: 1 | B2: 0.505458 | C2: =ROUNDUP(A2/4,0) | D2: =COUNTIFS($C$2:$C$25,C2,$B$2:$B$25,"<"&B2)+1 | E2: =IF(D2<=2,"A","B")
A3: 2 | B3: 0.262602 | C3: =ROUNDUP(A3/4,0) | D3: =COUNTIFS($C$2:$C$25,C3,$B$2:$B$25,"<"&B3)+1 | E3: =IF(D3<=2,"A","B")
A4: 3 | B4: 0.008991 | C4: =ROUNDUP(A4/4,0) | D4: =COUNTIFS($C$2:$C$25,C4,$B$2:$B$25,"<"&B4)+1 | E4: =IF(D4<=2,"A","B")
A5: 4 | B5: 0.655602 | C5: =ROUNDUP(A5/4,0) | D5: =COUNTIFS($C$2:$C$25,C5,$B$2:$B$25,"<"&B5)+1 | E5: =IF(D5<=2,"A","B")
A6: 5 | B6: 0.904442 | C6: =ROUNDUP(A6/4,0) | D6: =COUNTIFS($C$2:$C$25,C6,$B$2:$B$25,"<"&B6)+1 | E6: =IF(D6<=2,"A","B")
A7: 6 | B7: 0.828595 | C7: =ROUNDUP(A7/4,0) | D7: =COUNTIFS($C$2:$C$25,C7,$B$2:$B$25,"<"&B7)+1 | E7: =IF(D7<=2,"A","B")
A8: 7 | B8: 0.648674 | C8: =ROUNDUP(A8/4,0) | D8: =COUNTIFS($C$2:$C$25,C8,$B$2:$B$25,"<"&B8)+1 | E8: =IF(D8<=2,"A","B")
A9: 8 | B9: 0.731193 | C9: =ROUNDUP(A9/4,0) | D9: =COUNTIFS($C$2:$C$25,C9,$B$2:$B$25,"<"&B9)+1 | E9: =IF(D9<=2,"A","B")
A10: 9 | B10: 0.781935 | C10: =ROUNDUP(A10/4,0) | D10: =COUNTIFS($C$2:$C$25,C10,$B$2:$B$25,"<"&B10)+1 | E10: =IF(D10<=2,"A","B")
A11: 10 | B11: 0.314725 | C11: =ROUNDUP(A11/4,0) | D11: =COUNTIFS($C$2:$C$25,C11,$B$2:$B$25,"<"&B11)+1 | E11: =IF(D11<=2,"A","B")
A12: 11 | B12: 0.371193 | C12: =ROUNDUP(A12/4,0) | D12: =COUNTIFS($C$2:$C$25,C12,$B$2:$B$25,"<"&B12)+1 | E12: =IF(D12<=2,"A","B")
A13: 12 | B13: 0.798534 | C13: =ROUNDUP(A13/4,0) | D13: =COUNTIFS($C$2:$C$25,C13,$B$2:$B$25,"<"&B13)+1 | E13: =IF(D13<=2,"A","B")
... A25: 24 | B25: 0.227625 | C25: =ROUNDUP(A25/4,0) | D25: =COUNTIFS($C$2:$C$25,C25,$B$2:$B$25,"<"&B25)+1 | E25: =IF(D25<=2,"A","B")
